{"cameraMode":{"drawMode":0,"name":"Shaded","section":"Shading Mode"},"sceneLighting":true,"audioPlay":false,"sceneViewState":{"m_AlwaysRefresh":false,"showFog":true,"showSkybox":true,"showFlares":true,"showImageEffects":true,"showParticleSystems":true,"showVisualEffectGraphs":true,"m_FxEnabled":true},"in2DMode":false,"pivot":{"x":397.8567199707031,"y":1475.2357177734375,"z":116.11014556884766},"rotation":{"x":-0.08905249834060669,"y":0.8845269083976746,"z":-0.18881601095199586,"w":-0.41717252135276797},"size":1530.191162109375,"orthographic":false}